[
    {
        "model": "admin.logentry",
        "pk": 1,
        "fields": {
            "action_time": "2023-09-27T12:25:30.620Z",
            "user": 1,
            "content_type": 7,
            "object_id": "1",
            "object_repr": "CPU",
            "action_flag": 1,
            "change_message": "[{\"added\": {}}]"
        }
    },
    {
        "model": "admin.logentry",
        "pk": 2,
        "fields": {
            "action_time": "2023-09-27T12:27:02.314Z",
            "user": 1,
            "content_type": 8,
            "object_id": "1",
            "object_repr": "Intel i5",
            "action_flag": 1,
            "change_message": "[{\"added\": {}}]"
        }
    },
    {
        "model": "admin.logentry",
        "pk": 3,
        "fields": {
            "action_time": "2023-09-27T12:27:39.657Z",
            "user": 1,
            "content_type": 8,
            "object_id": "1",
            "object_repr": "Intel i5",
            "action_flag": 2,
            "change_message": "[{\"changed\": {\"fields\": [\"Image\"]}}]"
        }
    },
    {
        "model": "admin.logentry",
        "pk": 4,
        "fields": {
            "action_time": "2023-09-28T10:15:25.451Z",
            "user": 1,
            "content_type": 7,
            "object_id": "2",
            "object_repr": "GPU",
            "action_flag": 1,
            "change_message": "[{\"added\": {}}]"
        }
    },
    {
        "model": "admin.logentry",
        "pk": 5,
        "fields": {
            "action_time": "2023-09-28T10:15:34.548Z",
            "user": 1,
            "content_type": 7,
            "object_id": "3",
            "object_repr": "RAM",
            "action_flag": 1,
            "change_message": "[{\"added\": {}}]"
        }
    },
    {
        "model": "admin.logentry",
        "pk": 6,
        "fields": {
            "action_time": "2023-09-28T10:16:41.778Z",
            "user": 1,
            "content_type": 7,
            "object_id": "4",
            "object_repr": "MOTHERBOARD",
            "action_flag": 1,
            "change_message": "[{\"added\": {}}]"
        }
    },
    {
        "model": "admin.logentry",
        "pk": 7,
        "fields": {
            "action_time": "2023-09-28T10:18:49.353Z",
            "user": 1,
            "content_type": 8,
            "object_id": "2",
            "object_repr": "AMD Ryzen 9 5900X",
            "action_flag": 1,
            "change_message": "[{\"added\": {}}]"
        }
    },
    {
        "model": "admin.logentry",
        "pk": 8,
        "fields": {
            "action_time": "2023-09-28T10:18:55.307Z",
            "user": 1,
            "content_type": 8,
            "object_id": "1",
            "object_repr": "Intel i5",
            "action_flag": 2,
            "change_message": "[{\"changed\": {\"fields\": [\"Image\"]}}]"
        }
    },
    {
        "model": "admin.logentry",
        "pk": 9,
        "fields": {
            "action_time": "2023-09-28T10:19:17.471Z",
            "user": 1,
            "content_type": 8,
            "object_id": "3",
            "object_repr": "nvidia geforce rtx 3080",
            "action_flag": 1,
            "change_message": "[{\"added\": {}}]"
        }
    },
    {
        "model": "admin.logentry",
        "pk": 10,
        "fields": {
            "action_time": "2023-09-28T10:20:16.866Z",
            "user": 1,
            "content_type": 8,
            "object_id": "4",
            "object_repr": "RTX 4090 GAMING OC 24G",
            "action_flag": 1,
            "change_message": "[{\"added\": {}}]"
        }
    },
    {
        "model": "admin.logentry",
        "pk": 11,
        "fields": {
            "action_time": "2023-09-28T10:21:36.354Z",
            "user": 1,
            "content_type": 8,
            "object_id": "5",
            "object_repr": "MSI MAG B550 Tomahawk",
            "action_flag": 1,
            "change_message": "[{\"added\": {}}]"
        }
    },
    {
        "model": "admin.logentry",
        "pk": 12,
        "fields": {
            "action_time": "2023-09-28T10:22:26.818Z",
            "user": 1,
            "content_type": 8,
            "object_id": "6",
            "object_repr": "GIGABYTE Z790 Aorus Elite AX",
            "action_flag": 1,
            "change_message": "[{\"added\": {}}]"
        }
    },
    {
        "model": "admin.logentry",
        "pk": 13,
        "fields": {
            "action_time": "2023-09-28T10:23:11.167Z",
            "user": 1,
            "content_type": 8,
            "object_id": "7",
            "object_repr": "RAM KINGSTON Fury Beast 32GB 6000MHz",
            "action_flag": 1,
            "change_message": "[{\"added\": {}}]"
        }
    },
    {
        "model": "admin.logentry",
        "pk": 14,
        "fields": {
            "action_time": "2023-09-28T10:24:28.005Z",
            "user": 1,
            "content_type": 8,
            "object_id": "8",
            "object_repr": "CORSAIR Vengeance RGB Pro 16GB 3200Mhz",
            "action_flag": 1,
            "change_message": "[{\"added\": {}}]"
        }
    },
    {
        "model": "admin.logentry",
        "pk": 15,
        "fields": {
            "action_time": "2023-09-28T10:25:11.623Z",
            "user": 1,
            "content_type": 8,
            "object_id": "3",
            "object_repr": "nvidia geforce rtx 3080",
            "action_flag": 2,
            "change_message": "[{\"changed\": {\"fields\": [\"Image\"]}}]"
        }
    },
    {
        "model": "admin.logentry",
        "pk": 16,
        "fields": {
            "action_time": "2023-09-28T10:25:47.145Z",
            "user": 1,
            "content_type": 8,
            "object_id": "4",
            "object_repr": "RTX 4090 GAMING OC 24G",
            "action_flag": 2,
            "change_message": "[{\"changed\": {\"fields\": [\"Image\"]}}]"
        }
    },
    {
        "model": "auth.permission",
        "pk": 1,
        "fields": {
            "name": "Can add log entry",
            "content_type": 1,
            "codename": "add_logentry"
        }
    },
    {
        "model": "auth.permission",
        "pk": 2,
        "fields": {
            "name": "Can change log entry",
            "content_type": 1,
            "codename": "change_logentry"
        }
    },
    {
        "model": "auth.permission",
        "pk": 3,
        "fields": {
            "name": "Can delete log entry",
            "content_type": 1,
            "codename": "delete_logentry"
        }
    },
    {
        "model": "auth.permission",
        "pk": 4,
        "fields": {
            "name": "Can view log entry",
            "content_type": 1,
            "codename": "view_logentry"
        }
    },
    {
        "model": "auth.permission",
        "pk": 5,
        "fields": {
            "name": "Can add permission",
            "content_type": 2,
            "codename": "add_permission"
        }
    },
    {
        "model": "auth.permission",
        "pk": 6,
        "fields": {
            "name": "Can change permission",
            "content_type": 2,
            "codename": "change_permission"
        }
    },
    {
        "model": "auth.permission",
        "pk": 7,
        "fields": {
            "name": "Can delete permission",
            "content_type": 2,
            "codename": "delete_permission"
        }
    },
    {
        "model": "auth.permission",
        "pk": 8,
        "fields": {
            "name": "Can view permission",
            "content_type": 2,
            "codename": "view_permission"
        }
    },
    {
        "model": "auth.permission",
        "pk": 9,
        "fields": {
            "name": "Can add group",
            "content_type": 3,
            "codename": "add_group"
        }
    },
    {
        "model": "auth.permission",
        "pk": 10,
        "fields": {
            "name": "Can change group",
            "content_type": 3,
            "codename": "change_group"
        }
    },
    {
        "model": "auth.permission",
        "pk": 11,
        "fields": {
            "name": "Can delete group",
            "content_type": 3,
            "codename": "delete_group"
        }
    },
    {
        "model": "auth.permission",
        "pk": 12,
        "fields": {
            "name": "Can view group",
            "content_type": 3,
            "codename": "view_group"
        }
    },
    {
        "model": "auth.permission",
        "pk": 13,
        "fields": {
            "name": "Can add user",
            "content_type": 4,
            "codename": "add_user"
        }
    },
    {
        "model": "auth.permission",
        "pk": 14,
        "fields": {
            "name": "Can change user",
            "content_type": 4,
            "codename": "change_user"
        }
    },
    {
        "model": "auth.permission",
        "pk": 15,
        "fields": {
            "name": "Can delete user",
            "content_type": 4,
            "codename": "delete_user"
        }
    },
    {
        "model": "auth.permission",
        "pk": 16,
        "fields": {
            "name": "Can view user",
            "content_type": 4,
            "codename": "view_user"
        }
    },
    {
        "model": "auth.permission",
        "pk": 17,
        "fields": {
            "name": "Can add content type",
            "content_type": 5,
            "codename": "add_contenttype"
        }
    },
    {
        "model": "auth.permission",
        "pk": 18,
        "fields": {
            "name": "Can change content type",
            "content_type": 5,
            "codename": "change_contenttype"
        }
    },
    {
        "model": "auth.permission",
        "pk": 19,
        "fields": {
            "name": "Can delete content type",
            "content_type": 5,
            "codename": "delete_contenttype"
        }
    },
    {
        "model": "auth.permission",
        "pk": 20,
        "fields": {
            "name": "Can view content type",
            "content_type": 5,
            "codename": "view_contenttype"
        }
    },
    {
        "model": "auth.permission",
        "pk": 21,
        "fields": {
            "name": "Can add session",
            "content_type": 6,
            "codename": "add_session"
        }
    },
    {
        "model": "auth.permission",
        "pk": 22,
        "fields": {
            "name": "Can change session",
            "content_type": 6,
            "codename": "change_session"
        }
    },
    {
        "model": "auth.permission",
        "pk": 23,
        "fields": {
            "name": "Can delete session",
            "content_type": 6,
            "codename": "delete_session"
        }
    },
    {
        "model": "auth.permission",
        "pk": 24,
        "fields": {
            "name": "Can view session",
            "content_type": 6,
            "codename": "view_session"
        }
    },
    {
        "model": "auth.permission",
        "pk": 25,
        "fields": {
            "name": "Can add category",
            "content_type": 7,
            "codename": "add_category"
        }
    },
    {
        "model": "auth.permission",
        "pk": 26,
        "fields": {
            "name": "Can change category",
            "content_type": 7,
            "codename": "change_category"
        }
    },
    {
        "model": "auth.permission",
        "pk": 27,
        "fields": {
            "name": "Can delete category",
            "content_type": 7,
            "codename": "delete_category"
        }
    },
    {
        "model": "auth.permission",
        "pk": 28,
        "fields": {
            "name": "Can view category",
            "content_type": 7,
            "codename": "view_category"
        }
    },
    {
        "model": "auth.permission",
        "pk": 29,
        "fields": {
            "name": "Can add product",
            "content_type": 8,
            "codename": "add_product"
        }
    },
    {
        "model": "auth.permission",
        "pk": 30,
        "fields": {
            "name": "Can change product",
            "content_type": 8,
            "codename": "change_product"
        }
    },
    {
        "model": "auth.permission",
        "pk": 31,
        "fields": {
            "name": "Can delete product",
            "content_type": 8,
            "codename": "delete_product"
        }
    },
    {
        "model": "auth.permission",
        "pk": 32,
        "fields": {
            "name": "Can view product",
            "content_type": 8,
            "codename": "view_product"
        }
    },
    {
        "model": "auth.permission",
        "pk": 33,
        "fields": {
            "name": "Can add order",
            "content_type": 9,
            "codename": "add_order"
        }
    },
    {
        "model": "auth.permission",
        "pk": 34,
        "fields": {
            "name": "Can change order",
            "content_type": 9,
            "codename": "change_order"
        }
    },
    {
        "model": "auth.permission",
        "pk": 35,
        "fields": {
            "name": "Can delete order",
            "content_type": 9,
            "codename": "delete_order"
        }
    },
    {
        "model": "auth.permission",
        "pk": 36,
        "fields": {
            "name": "Can view order",
            "content_type": 9,
            "codename": "view_order"
        }
    },
    {
        "model": "auth.permission",
        "pk": 37,
        "fields": {
            "name": "Can add order item",
            "content_type": 10,
            "codename": "add_orderitem"
        }
    },
    {
        "model": "auth.permission",
        "pk": 38,
        "fields": {
            "name": "Can change order item",
            "content_type": 10,
            "codename": "change_orderitem"
        }
    },
    {
        "model": "auth.permission",
        "pk": 39,
        "fields": {
            "name": "Can delete order item",
            "content_type": 10,
            "codename": "delete_orderitem"
        }
    },
    {
        "model": "auth.permission",
        "pk": 40,
        "fields": {
            "name": "Can view order item",
            "content_type": 10,
            "codename": "view_orderitem"
        }
    },
    {
        "model": "auth.permission",
        "pk": 41,
        "fields": {
            "name": "Can add coupon",
            "content_type": 11,
            "codename": "add_coupon"
        }
    },
    {
        "model": "auth.permission",
        "pk": 42,
        "fields": {
            "name": "Can change coupon",
            "content_type": 11,
            "codename": "change_coupon"
        }
    },
    {
        "model": "auth.permission",
        "pk": 43,
        "fields": {
            "name": "Can delete coupon",
            "content_type": 11,
            "codename": "delete_coupon"
        }
    },
    {
        "model": "auth.permission",
        "pk": 44,
        "fields": {
            "name": "Can view coupon",
            "content_type": 11,
            "codename": "view_coupon"
        }
    },
    {
        "model": "auth.user",
        "pk": 1,
        "fields": {
            "password": "pbkdf2_sha256$600000$Vc3Vu1MX2tyNtnchk6Siaf$d8K4g8Zh2zjYcDRIWRJT+mqm3ai8QYfvnv3HX4fviCw=",
            "last_login": "2023-09-27T12:22:38.504Z",
            "is_superuser": true,
            "username": "monkey",
            "first_name": "",
            "last_name": "",
            "email": "",
            "is_staff": true,
            "is_active": true,
            "date_joined": "2023-09-27T12:13:40.581Z",
            "groups": [],
            "user_permissions": []
        }
    },
    {
        "model": "contenttypes.contenttype",
        "pk": 1,
        "fields": {
            "app_label": "admin",
            "model": "logentry"
        }
    },
    {
        "model": "contenttypes.contenttype",
        "pk": 2,
        "fields": {
            "app_label": "auth",
            "model": "permission"
        }
    },
    {
        "model": "contenttypes.contenttype",
        "pk": 3,
        "fields": {
            "app_label": "auth",
            "model": "group"
        }
    },
    {
        "model": "contenttypes.contenttype",
        "pk": 4,
        "fields": {
            "app_label": "auth",
            "model": "user"
        }
    },
    {
        "model": "contenttypes.contenttype",
        "pk": 5,
        "fields": {
            "app_label": "contenttypes",
            "model": "contenttype"
        }
    },
    {
        "model": "contenttypes.contenttype",
        "pk": 6,
        "fields": {
            "app_label": "sessions",
            "model": "session"
        }
    },
    {
        "model": "contenttypes.contenttype",
        "pk": 7,
        "fields": {
            "app_label": "shop",
            "model": "category"
        }
    },
    {
        "model": "contenttypes.contenttype",
        "pk": 8,
        "fields": {
            "app_label": "shop",
            "model": "product"
        }
    },
    {
        "model": "contenttypes.contenttype",
        "pk": 9,
        "fields": {
            "app_label": "orders",
            "model": "order"
        }
    },
    {
        "model": "contenttypes.contenttype",
        "pk": 10,
        "fields": {
            "app_label": "orders",
            "model": "orderitem"
        }
    },
    {
        "model": "contenttypes.contenttype",
        "pk": 11,
        "fields": {
            "app_label": "coupons",
            "model": "coupon"
        }
    },
    {
        "model": "sessions.session",
        "pk": "sembplblzbxw8hefp8wbgamnc717a9gc",
        "fields": {
            "session_data": ".eJxVjDsOwjAQBe_iGlmxdx07lPQ5Q7Rer3EAOVI-FeLuJFIKaGfmvbcaaFvLsC0yD2NSV2XU5ZdF4qfUQ6QH1fukearrPEZ9JPq0i-6nJK_b2f4dFFrKvoZWGuOhIQicPRCamEJg6MRlSNEIolgL2bK0O2MrIWfCjhEcovPq8wXf5jfb:1qlTRV:bdl2hbQJGl0TNlkz6kN77rR0MtgIQQITJ6esn2SS2b8",
            "expire_date": "2023-10-11T12:15:01.612Z"
        }
    },
    {
        "model": "sessions.session",
        "pk": "ywrnpl2pg0b9wfdrcdgryz676rq2k9ig",
        "fields": {
            "session_data": "eyJjYXJ0Ijp7fX0:1qq9cG:kNQSZYQlVmnVWhWha7G4Bpeu-rlHXbPlXNZ0lNHwZy8",
            "expire_date": "2023-10-24T10:05:28.225Z"
        }
    },
    {
        "model": "sessions.session",
        "pk": "zh0eeujihdo0mwvl9fy65gbogjeilh1f",
        "fields": {
            "session_data": ".eJxVjDsOwjAQBe_iGlmxdx07lPQ5Q7Rer3EAOVI-FeLuJFIKaGfmvbcaaFvLsC0yD2NSV2XU5ZdF4qfUQ6QH1fukearrPEZ9JPq0i-6nJK_b2f4dFFrKvoZWGuOhIQicPRCamEJg6MRlSNEIolgL2bK0O2MrIWfCjhEcovPq8wXf5jfb:1qlTYs:wPYvv4vDF_7wEefrucyjGkZtvWknZ3WYc0d83NCMYtQ",
            "expire_date": "2023-10-11T12:22:38.513Z"
        }
    },
    {
        "model": "shop.category",
        "pk": 1,
        "fields": {
            "name": "CPU",
            "slug": "cpu"
        }
    },
    {
        "model": "shop.category",
        "pk": 2,
        "fields": {
            "name": "GPU",
            "slug": "gpu"
        }
    },
    {
        "model": "shop.category",
        "pk": 3,
        "fields": {
            "name": "RAM",
            "slug": "ram"
        }
    },
    {
        "model": "shop.category",
        "pk": 4,
        "fields": {
            "name": "MOTHERBOARD",
            "slug": "motherboard"
        }
    },
    {
        "model": "shop.product",
        "pk": 1,
        "fields": {
            "category": 1,
            "name": "Intel i5",
            "slug": "intel-i5",
            "image": "products/2023/09/28/i5.jpeg",
            "description": "Good CPU",
            "price": "1000.00",
            "available": true,
            "created": "2023-09-27T12:27:02.305Z",
            "updated": "2023-09-28T10:18:55.283Z"
        }
    },
    {
        "model": "shop.product",
        "pk": 2,
        "fields": {
            "category": 1,
            "name": "AMD Ryzen 9 5900X",
            "slug": "amd-ryzen-9-5900x",
            "image": "products/2023/09/28/Procesor-AMD-Ryzen9-5900X-pudelko.jpg",
            "description": "",
            "price": "10000.00",
            "available": true,
            "created": "2023-09-28T10:18:49.322Z",
            "updated": "2023-09-28T10:18:49.322Z"
        }
    },
    {
        "model": "shop.product",
        "pk": 3,
        "fields": {
            "category": 2,
            "name": "nvidia geforce rtx 3080",
            "slug": "nvidia-geforce-rtx-3080",
            "image": "products/2023/09/28/Karta-graficzna-MSI-GeForce-RTX-3060-Ventus-3X-OC-12GB-front.jpg",
            "description": "",
            "price": "21312.00",
            "available": true,
            "created": "2023-09-28T10:19:17.470Z",
            "updated": "2023-09-28T10:25:11.621Z"
        }
    },
    {
        "model": "shop.product",
        "pk": 4,
        "fields": {
            "category": 2,
            "name": "RTX 4090 GAMING OC 24G",
            "slug": "rtx-4090-gaming-oc-24g",
            "image": "products/2023/09/28/4090.jpg",
            "description": "",
            "price": "32132.00",
            "available": true,
            "created": "2023-09-28T10:20:16.864Z",
            "updated": "2023-09-28T10:25:47.144Z"
        }
    },
    {
        "model": "shop.product",
        "pk": 5,
        "fields": {
            "category": 4,
            "name": "MSI MAG B550 Tomahawk",
            "slug": "msi-mag-b550-tomahawk",
            "image": "products/2023/09/28/Plyta-glowna-MSI-MAG-B550-Tomahawk-front.jpg",
            "description": "",
            "price": "1234.00",
            "available": true,
            "created": "2023-09-28T10:21:36.353Z",
            "updated": "2023-09-28T10:21:36.353Z"
        }
    },
    {
        "model": "shop.product",
        "pk": 6,
        "fields": {
            "category": 4,
            "name": "GIGABYTE Z790 Aorus Elite AX",
            "slug": "gigabyte-z790-aorus-elite-ax",
            "image": "products/2023/09/28/Plyta-glowna-GIGABYTE-Z790-Aorus-Elite-AX-front.jpg",
            "description": "",
            "price": "321.00",
            "available": true,
            "created": "2023-09-28T10:22:26.817Z",
            "updated": "2023-09-28T10:22:26.817Z"
        }
    },
    {
        "model": "shop.product",
        "pk": 7,
        "fields": {
            "category": 3,
            "name": "RAM KINGSTON Fury Beast 32GB 6000MHz",
            "slug": "ram-kingston-fury-beast-32gb-6000mhz",
            "image": "products/2023/09/28/Pamiec-RAM-KINGSTON-Fury-Beast-32GB-6000MHz-front.jpg",
            "description": "",
            "price": "112.00",
            "available": true,
            "created": "2023-09-28T10:23:11.166Z",
            "updated": "2023-09-28T10:23:11.166Z"
        }
    },
    {
        "model": "shop.product",
        "pk": 8,
        "fields": {
            "category": 3,
            "name": "CORSAIR Vengeance RGB Pro 16GB 3200Mhz",
            "slug": "corsair-vengeance-rgb-pro-16gb-3200mhz",
            "image": "products/2023/09/28/Pami____-CORSAIR-Vengeance-RGB-Pro-Black-16GB-3200mhz-dual.jpg",
            "description": "",
            "price": "345.00",
            "available": true,
            "created": "2023-09-28T10:24:28.003Z",
            "updated": "2023-09-28T10:24:28.003Z"
        }
    },
    {
        "model": "orders.order",
        "pk": 1,
        "fields": {
            "coupon": null,
            "discount": 0,
            "first_name": "fguhy",
            "last_name": "hvjg",
            "email": "12w@dsa.sa",
            "address": "yugh",
            "postal_code": "21-301",
            "city": "hbki",
            "created": "2023-10-10T09:06:24.150Z",
            "updated": "2023-10-10T09:06:24.150Z",
            "paid": false
        }
    },
    {
        "model": "orders.order",
        "pk": 2,
        "fields": {
            "coupon": null,
            "discount": 0,
            "first_name": "dweas",
            "last_name": "dsdsf",
            "email": "f2sda@sda.ws",
            "address": "dvcx",
            "postal_code": "21-301",
            "city": "aaa",
            "created": "2023-10-10T09:09:44.081Z",
            "updated": "2023-10-10T09:09:44.081Z",
            "paid": false
        }
    },
    {
        "model": "orders.order",
        "pk": 3,
        "fields": {
            "coupon": null,
            "discount": 0,
            "first_name": "eSDF",
            "last_name": "FSD",
            "email": "DFS2FDS@aa.ddsf",
            "address": "ads",
            "postal_code": "21-301",
            "city": "adsa",
            "created": "2023-10-10T09:51:08.187Z",
            "updated": "2023-10-10T09:51:08.187Z",
            "paid": false
        }
    },
    {
        "model": "orders.order",
        "pk": 4,
        "fields": {
            "coupon": null,
            "discount": 0,
            "first_name": "gf",
            "last_name": "fdg",
            "email": "gdf@saa.ads",
            "address": "dasa",
            "postal_code": "23-134",
            "city": "das",
            "created": "2023-10-10T09:56:45.939Z",
            "updated": "2023-10-10T09:56:45.939Z",
            "paid": false
        }
    },
    {
        "model": "orders.order",
        "pk": 5,
        "fields": {
            "coupon": null,
            "discount": 0,
            "first_name": "fggdf",
            "last_name": "gdfdf",
            "email": "f2sda@sda.ws",
            "address": "asd",
            "postal_code": "21-301",
            "city": "aaa",
            "created": "2023-10-10T10:03:49.819Z",
            "updated": "2023-10-10T10:03:49.819Z",
            "paid": false
        }
    },
    {
        "model": "orders.order",
        "pk": 6,
        "fields": {
            "coupon": null,
            "discount": 0,
            "first_name": "vcxvxc",
            "last_name": "xcvxvc",
            "email": "12w@dsa.sa",
            "address": "vxc",
            "postal_code": "21-301",
            "city": "vcxxcv",
            "created": "2023-10-10T10:04:35.597Z",
            "updated": "2023-10-10T10:04:35.597Z",
            "paid": false
        }
    },
    {
        "model": "orders.order",
        "pk": 7,
        "fields": {
            "coupon": null,
            "discount": 0,
            "first_name": "dfs",
            "last_name": "fdsfsd",
            "email": "f2sda@sda.ws",
            "address": "sfds",
            "postal_code": "21-301",
            "city": "asdas",
            "created": "2023-10-10T10:05:25.750Z",
            "updated": "2023-10-10T10:05:25.750Z",
            "paid": false
        }
    },
    {
        "model": "orders.orderitem",
        "pk": 1,
        "fields": {
            "order": 1,
            "product": 2,
            "price": "10000.00",
            "quantity": 1
        }
    },
    {
        "model": "orders.orderitem",
        "pk": 2,
        "fields": {
            "order": 1,
            "product": 1,
            "price": "1000.00",
            "quantity": 1
        }
    },
    {
        "model": "orders.orderitem",
        "pk": 3,
        "fields": {
            "order": 2,
            "product": 2,
            "price": "10000.00",
            "quantity": 1
        }
    },
    {
        "model": "orders.orderitem",
        "pk": 4,
        "fields": {
            "order": 2,
            "product": 4,
            "price": "32132.00",
            "quantity": 1
        }
    },
    {
        "model": "orders.orderitem",
        "pk": 5,
        "fields": {
            "order": 2,
            "product": 1,
            "price": "1000.00",
            "quantity": 1
        }
    },
    {
        "model": "orders.orderitem",
        "pk": 6,
        "fields": {
            "order": 3,
            "product": 2,
            "price": "10000.00",
            "quantity": 1
        }
    },
    {
        "model": "orders.orderitem",
        "pk": 7,
        "fields": {
            "order": 3,
            "product": 8,
            "price": "345.00",
            "quantity": 1
        }
    },
    {
        "model": "orders.orderitem",
        "pk": 8,
        "fields": {
            "order": 3,
            "product": 1,
            "price": "1000.00",
            "quantity": 1
        }
    },
    {
        "model": "orders.orderitem",
        "pk": 9,
        "fields": {
            "order": 4,
            "product": 1,
            "price": "1000.00",
            "quantity": 1
        }
    },
    {
        "model": "orders.orderitem",
        "pk": 10,
        "fields": {
            "order": 4,
            "product": 6,
            "price": "321.00",
            "quantity": 1
        }
    },
    {
        "model": "orders.orderitem",
        "pk": 11,
        "fields": {
            "order": 4,
            "product": 3,
            "price": "21312.00",
            "quantity": 1
        }
    },
    {
        "model": "orders.orderitem",
        "pk": 12,
        "fields": {
            "order": 5,
            "product": 1,
            "price": "1000.00",
            "quantity": 1
        }
    },
    {
        "model": "orders.orderitem",
        "pk": 13,
        "fields": {
            "order": 5,
            "product": 2,
            "price": "10000.00",
            "quantity": 1
        }
    },
    {
        "model": "orders.orderitem",
        "pk": 14,
        "fields": {
            "order": 6,
            "product": 2,
            "price": "10000.00",
            "quantity": 1
        }
    },
    {
        "model": "orders.orderitem",
        "pk": 15,
        "fields": {
            "order": 6,
            "product": 8,
            "price": "345.00",
            "quantity": 1
        }
    },
    {
        "model": "orders.orderitem",
        "pk": 16,
        "fields": {
            "order": 6,
            "product": 6,
            "price": "321.00",
            "quantity": 1
        }
    },
    {
        "model": "orders.orderitem",
        "pk": 17,
        "fields": {
            "order": 6,
            "product": 7,
            "price": "112.00",
            "quantity": 1
        }
    },
    {
        "model": "orders.orderitem",
        "pk": 18,
        "fields": {
            "order": 6,
            "product": 4,
            "price": "32132.00",
            "quantity": 1
        }
    },
    {
        "model": "orders.orderitem",
        "pk": 19,
        "fields": {
            "order": 7,
            "product": 2,
            "price": "10000.00",
            "quantity": 1
        }
    },
    {
        "model": "orders.orderitem",
        "pk": 20,
        "fields": {
            "order": 7,
            "product": 1,
            "price": "1000.00",
            "quantity": 1
        }
    }
]